{
  "train_coverage": 1.0,
  "n_samples": 9106,
  "n_products": 72,
  "n_agents": 371,
  "precision_at_5": 0.3226666666666666,
  "precision_at_10": 0.29600000000000004,
  "recall_at_5": 0.07547147265271575,
  "recall_at_10": 0.12636745826175197
}