{
  "train_accuracy": 0.9925,
  "train_f1": 0.992500093750586,
  "train_precision": 0.9925498128113301,
  "train_recall": 0.9925,
  "n_samples": 800,
  "n_features": 10,
  "test_accuracy": 0.9,
  "test_f1": 0.8999399459513563,
  "test_precision": 0.9006015037593985,
  "test_recall": 0.9
}