{
  "train_accuracy": 0.90025,
  "train_f1": 0.900225768123998,
  "train_precision": 0.900707145650049,
  "train_recall": 0.90025,
  "n_samples": 8000,
  "n_features": 5
}